{"stats":{"minecraft:custom":{"minecraft:time_since_rest":9994,"minecraft:crouch_one_cm":50,"minecraft:sprint_one_cm":11105,"minecraft:play_time":9994,"minecraft:damage_taken":129,"minecraft:walk_one_cm":26636,"minecraft:sneak_time":67,"minecraft:walk_under_water_one_cm":588,"minecraft:jump":139,"minecraft:damage_dealt":40,"minecraft:leave_game":2,"minecraft:time_since_death":9994,"minecraft:walk_on_water_one_cm":614,"minecraft:total_world_time":9994,"minecraft:swim_one_cm":2510,"minecraft:fall_one_cm":5127,"minecraft:fly_one_cm":20445},"minecraft:mined":{"minecraft:large_fern":1,"minecraft:podzol":1,"minecraft:grass":1,"minecraft:spruce_leaves":9,"minecraft:spruce_log":2},"minecraft:used":{"minecraft:dirt":1,"minecraft:sweet_berries":1,"minecraft:spruce_log":2},"minecraft:picked_up":{"minecraft:sweet_berries":2,"minecraft:spruce_log":3,"minecraft:dirt":1}},"DataVersion":3465}