{"stats":{"minecraft:mined":{"minecraft:large_fern":1,"minecraft:podzol":1,"minecraft:grass":1,"minecraft:spruce_log":9,"minecraft:spruce_leaves":9,"minecraft:stone":8,"minecraft:fern":1,"gravestone:gravestone":1},"minecraft:crafted":{"minecraft:spruce_planks":20,"minecraft:stick":4,"minecraft:stone_sword":1,"minecraft:wooden_pickaxe":1},"minecraft:picked_up":{"minecraft:sweet_berries":2,"minecraft:spruce_log":10,"minecraft:dirt":1,"minecraft:cobblestone":9},"minecraft:used":{"minecraft:dirt":1,"minecraft:sweet_berries":3,"minecraft:wooden_pickaxe":8,"minecraft:spruce_log":3},"minecraft:dropped":{"gravestone:obituary":1},"minecraft:custom":{"minecraft:time_since_rest":1943,"minecraft:crouch_one_cm":50,"minecraft:sprint_one_cm":15978,"minecraft:play_time":16553,"minecraft:deaths":1,"minecraft:damage_taken":424,"minecraft:walk_one_cm":44388,"minecraft:sneak_time":203,"minecraft:walk_under_water_one_cm":5120,"minecraft:drop":1,"minecraft:jump":207,"minecraft:damage_dealt":-16,"minecraft:leave_game":3,"minecraft:walk_on_water_one_cm":6595,"minecraft:time_since_death":1910,"minecraft:total_world_time":16553,"minecraft:interact_with_crafting_table":3,"minecraft:player_kills":1,"minecraft:swim_one_cm":2510,"minecraft:fall_one_cm":5545,"minecraft:fly_one_cm":24004},"minecraft:killed_by":{"minecraft:player":1}},"DataVersion":3465}