{"stats":{"minecraft:crafted":{"minecraft:dark_oak_planks":40,"minecraft:crafting_table":1,"minecraft:stick":4,"minecraft:wooden_pickaxe":1},"minecraft:picked_up":{"minecraft:dark_oak_planks":10,"minecraft:wheat_seeds":1,"minecraft:dirt":7,"minecraft:dark_oak_log":24,"alexsmobs:animal_dictionary":1},"minecraft:used":{"minecraft:dark_oak_planks":36,"minecraft:dirt":7,"minecraft:crafting_table":1},"minecraft:mined":{"minecraft:dark_oak_planks":10,"minecraft:grass":1,"minecraft:grass_block":3,"minecraft:dirt":5,"minecraft:dark_oak_leaves":1,"minecraft:fire":5,"minecraft:dark_oak_log":24,"minecraft:oak_leaves":1},"minecraft:dropped":{"minecraft:wheat_seeds":1,"alexsmobs:animal_dictionary":1},"minecraft:custom":{"minecraft:time_since_rest":33974,"minecraft:sprint_one_cm":22569,"minecraft:play_time":33974,"minecraft:damage_taken":30,"minecraft:walk_one_cm":99890,"minecraft:sneak_time":3,"minecraft:walk_under_water_one_cm":128,"minecraft:drop":2,"minecraft:jump":236,"minecraft:leave_game":1,"minecraft:walk_on_water_one_cm":317,"minecraft:time_since_death":33974,"minecraft:total_world_time":33974,"minecraft:swim_one_cm":4123,"minecraft:interact_with_crafting_table":7,"minecraft:fall_one_cm":7902,"minecraft:fly_one_cm":22036}},"DataVersion":3465}