{"stats":{"minecraft:crafted":{"minecraft:dark_oak_planks":40,"minecraft:crafting_table":1,"minecraft:stick":4,"minecraft:wooden_pickaxe":1},"minecraft:picked_up":{"minecraft:dark_oak_planks":6,"minecraft:dirt":7,"minecraft:dark_oak_log":24,"alexsmobs:animal_dictionary":1},"minecraft:used":{"minecraft:dark_oak_planks":32,"minecraft:dirt":7,"minecraft:crafting_table":1},"minecraft:mined":{"minecraft:dark_oak_planks":6,"minecraft:grass_block":3,"minecraft:dirt":5,"minecraft:dark_oak_log":24},"minecraft:dropped":{"alexsmobs:animal_dictionary":1},"minecraft:custom":{"minecraft:time_since_rest":21974,"minecraft:sprint_one_cm":4895,"minecraft:play_time":21974,"minecraft:damage_taken":30,"minecraft:walk_one_cm":79786,"minecraft:sneak_time":3,"minecraft:drop":1,"minecraft:jump":99,"minecraft:leave_game":1,"minecraft:time_since_death":21974,"minecraft:total_world_time":21974,"minecraft:interact_with_crafting_table":7,"minecraft:fall_one_cm":3186,"minecraft:fly_one_cm":6441}},"DataVersion":3465}