{"stats":{"minecraft:mined":{"minecraft:large_fern":1,"minecraft:podzol":1,"minecraft:grass":1,"minecraft:spruce_log":3,"minecraft:spruce_leaves":9},"minecraft:picked_up":{"minecraft:sweet_berries":2,"minecraft:spruce_log":4,"minecraft:dirt":1},"minecraft:used":{"minecraft:dirt":1,"minecraft:sweet_berries":1,"minecraft:spruce_log":3},"minecraft:custom":{"minecraft:time_since_rest":10771,"minecraft:crouch_one_cm":50,"minecraft:sprint_one_cm":11105,"minecraft:play_time":10771,"minecraft:damage_taken":129,"minecraft:walk_one_cm":29682,"minecraft:sneak_time":67,"minecraft:walk_under_water_one_cm":588,"minecraft:jump":139,"minecraft:damage_dealt":40,"minecraft:leave_game":3,"minecraft:walk_on_water_one_cm":614,"minecraft:time_since_death":10771,"minecraft:total_world_time":10771,"minecraft:swim_one_cm":2510,"minecraft:fall_one_cm":5127,"minecraft:fly_one_cm":20445}},"DataVersion":3465}