{"stats":{"minecraft:mined":{"gravestone:gravestone":1,"minecraft:large_fern":1,"minecraft:sweet_berry_bush":1,"minecraft:spruce_log":10,"minecraft:fern":1},"minecraft:crafted":{"minecraft:wooden_sword":1,"minecraft:crafting_table":1,"minecraft:spruce_planks":36,"minecraft:stick":8,"minecraft:wooden_pickaxe":1,"minecraft:wooden_axe":1},"minecraft:picked_up":{"minecraft:spruce_planks":16,"minecraft:spruce_log":9},"minecraft:used":{"minecraft:wooden_axe":5,"minecraft:crafting_table":1,"alexsmobs:animal_dictionary":1},"minecraft:dropped":{"gravestone:obituary":1,"minecraft:spruce_planks":16},"minecraft:custom":{"minecraft:time_since_rest":3359,"minecraft:crouch_one_cm":112,"minecraft:sprint_one_cm":1676,"minecraft:play_time":12696,"minecraft:deaths":1,"minecraft:damage_taken":422,"minecraft:walk_one_cm":28814,"minecraft:sneak_time":65,"minecraft:walk_under_water_one_cm":3396,"minecraft:drop":17,"minecraft:jump":55,"minecraft:damage_dealt":160,"minecraft:leave_game":1,"minecraft:walk_on_water_one_cm":1511,"minecraft:time_since_death":2945,"minecraft:total_world_time":12696,"minecraft:interact_with_crafting_table":3,"minecraft:fall_one_cm":1955,"minecraft:fly_one_cm":1432,"minecraft:player_kills":1},"minecraft:killed_by":{"minecraft:player":1}},"DataVersion":3465}