{"stats":{"minecraft:custom":{"minecraft:jump":21,"minecraft:time_since_rest":6962,"minecraft:leave_game":1,"minecraft:damage_dealt":49,"minecraft:crouch_one_cm":57,"minecraft:sprint_one_cm":367,"minecraft:play_time":6962,"minecraft:damage_taken":160,"minecraft:time_since_death":6962,"minecraft:walk_one_cm":18283,"minecraft:sneak_time":56,"minecraft:total_world_time":6962,"minecraft:drop":16,"minecraft:fall_one_cm":1955,"minecraft:fly_one_cm":814},"minecraft:crafted":{"minecraft:spruce_planks":16},"minecraft:mined":{"minecraft:large_fern":1,"minecraft:sweet_berry_bush":1,"minecraft:spruce_log":5},"minecraft:dropped":{"minecraft:spruce_planks":16},"minecraft:picked_up":{"minecraft:spruce_log":4,"minecraft:spruce_planks":16}},"DataVersion":3465}