{"stats":{"minecraft:mined":{"minecraft:podzol":4,"minecraft:dirt":10,"minecraft:spruce_leaves":1,"minecraft:spruce_log":5,"minecraft:stone":16,"minecraft:crafting_table":1},"minecraft:crafted":{"minecraft:crafting_table":1,"minecraft:spruce_planks":20,"minecraft:stick":4,"minecraft:wooden_pickaxe":1,"minecraft:wooden_axe":1},"minecraft:picked_up":{"minecraft:crafting_table":1,"minecraft:spruce_log":5,"minecraft:dirt":14,"minecraft:cobblestone":15},"minecraft:used":{"minecraft:wooden_axe":1,"minecraft:crafting_table":1,"minecraft:wooden_pickaxe":19},"minecraft:custom":{"minecraft:time_since_rest":2824,"minecraft:crouch_one_cm":311,"minecraft:play_time":2824,"minecraft:sprint_one_cm":4286,"minecraft:walk_one_cm":5830,"minecraft:sneak_time":174,"minecraft:jump":26,"minecraft:time_since_death":2824,"minecraft:total_world_time":2824,"minecraft:fall_one_cm":685,"minecraft:interact_with_crafting_table":2,"minecraft:fly_one_cm":3094}},"DataVersion":3465}